{"cameraMode":{"drawMode":0,"name":"Shaded","section":"Shading Mode"},"sceneLighting":false,"audioPlay":false,"sceneViewState":{"showFog":true,"showMaterialUpdate":false,"showSkybox":false,"showFlares":true,"showImageEffects":true,"showParticleSystems":true},"in2DMode":false,"pivot":{"x":1.7100000381469727,"y":0.940000057220459,"z":9.289999961853028},"rotation":{"x":0.018139241263270379,"y":-0.8500280380249023,"z":0.029337966814637185,"w":0.5256070494651794},"size":3.632711887359619,"orthographic":true}