{"cameraMode":{"drawMode":0,"name":"Shaded","section":"Shading Mode"},"sceneLighting":true,"audioPlay":false,"sceneViewState":{"showFog":true,"showMaterialUpdate":false,"showSkybox":true,"showFlares":true,"showImageEffects":true,"showParticleSystems":true},"in2DMode":false,"pivot":{"x":-1.4668939113616944,"y":0.24699068069458009,"z":6.0195417404174809},"rotation":{"x":-0.679878294467926,"y":0.018692532554268838,"z":-0.017340656369924547,"w":-0.7328816056251526},"size":5.620028018951416,"orthographic":false}