{"cameraMode":{"drawMode":0,"name":"Shaded","section":"Shading Mode"},"sceneLighting":false,"audioPlay":false,"sceneViewState":{"showFog":true,"showMaterialUpdate":false,"showSkybox":false,"showFlares":true,"showImageEffects":true,"showParticleSystems":true},"in2DMode":false,"pivot":{"x":-3.415189743041992,"y":-0.036383867263793948,"z":-1.6822749376296998},"rotation":{"x":0.07410354912281037,"y":-0.7888022065162659,"z":0.09703359007835388,"w":0.6023988127708435},"size":5.669602870941162,"orthographic":false}